🇮🇱🔥דווקא בן גביר ורק עוצמה יהודית🔥🇮🇱	gid180971596460139	90
בוחרים נכון ביבי - מחל	gid331406400827460	1337
תומכים בביבי נתניהו	gid366579963524168	3833
הליכוד - המחנה הלאומי	gid161470115333645	3902
הליכוד רק בראשות בנימין נתניהו🇮🇱	gid283890678715160	3953
בנימין נתניהו - גאווה ישראלית	gid473239050018319	6059
בנימין נתניהו מנהיג מספר 1	pid200339233868547	9690
הליכודניקים | רה"מ בנימין נתניהו VIP	pid368810503316670	10626
חדשות הליכוד - גם בטלגרם	gid1320773731376994	15466
הליכוד בהנהגת בנימין נתניהו 🇮🇱	gid163891814017102	16285
בנימין נתניהו - הקבוצה הרשמית	gid173336523277857	39344
(הקבוצה הרשמית)חברים שאוהבים את ‏Benjamin Netanyahu - בנימין נתניהו‏	gid1508956995814038	41975
צעירי הליכוד - הקבוצה הצפונית	gid147042615414985	493
רק ביבי	gid377158153555765	881
ביבי האחד והיחיד ועדיין לא נולד המחליף	gid269290134953663	1194
ביביסטים 🇮🇱	gid1330936770629289	6539
Bibi Netanyahu Stand Strong!	gid107966319226776	266
ביבי מלך ישראל	gid478120612324535	367
בנימין נתניהו מגן ישראל	gid2414190562189132	4578
צועדים קדימה ומתחזקים עם הליכוד	gid1162994197229484	7028
בנימין נתניהו לעולם לא תצעד לבד 🇮🇱	gid625849467894593	3833
אוהבים את יור הכנסת אמיר אוחנה	gid592642018204897	11198
משפט נתניהו - הצדק והאמת עוד יצאו לאור	gid539626146711209	3943
הציונות הדתית .	gid1036743009842719	563
בוחרי ומתפקדי הציונות הדתית-עוצמה יהודית-נועם❗️🇮🇱✡️🕎‼️	gid1495362800842154	37
ימין אמיתי זה רק עוצמה יהודית	gid2311251285833180	154
פעילים למען 'עוצמה יהודית'.	gid408280169249890	156
עוצמה יהודית נגב והדרום🕎🔯💪	gid350750872186143	258
עוצמה יהודית - המהפכה החוקית של הימין !	gid125184821213420	497
בן גביר - הקבוצה הרשמית 🇮🇱	gid210018641229756	504
רק עם עוצמה יהודית יש ממשלה ימנית	gid356004968497320	633
תומכי עוצמה יהודית בראשות איתמר בן גביר	gid609678956478044	988
בוחרים עוצמה יהודית 🇮🇱	gid147829359357537	1232
בן גאביר	gid293615399646751	1696
עוצמה יהודית הימין האמיתי	gid932345496896300	1825
איתמר בן גביר להנהגת המדינה 🇮🇱	gid222317988291120	3569
עוצמה יהודית גליל עמקים	gid2068309633308022	5701
ברוך מרזל - חיילי צה"ל מצדיעים לך!	gid1489851264598487	148
אזרחים למען הרפורמה המשפטית	gid2535596403185553	1527
Im Tirzu -Fascists אם תרצו -תנועה פשיסטית	gid281202052260	1825
ערוץ הימין	gid2535691886732383	2144
עכשיו 14 - הערוץ המוביל בישראל	gid215253277789906	3133
עמוד המעריצים של (הצל) the shadow (יואב אליאסי)	gid534465960069044	3341
רפורמה משפטית. כאן ועכשיו !!	gid899483803524569	3391
רפורמה משפטית = דמוקרטיה חופשית !בלי דיקטטורה שמאלנית !	gid392539295067363	3451
גם אני נגד התקשורת האלג'זירה הישראלית.	gid520935061941527	3729
מחזקים את הימין !	gid512027949183328	3825
מחזקים את הימין בניהול אורלי לב	gid2687402851289033	4606
צביעות שמאלנית תרבות השקר ומוסר כפול⛔	gid681766652033934	5109
ערוץ 14 - ערוץ החדשות של ישראל פורום הדיונים	gid588120375870980	10545
ההפך משמאל	gid498072441283150	11258
דווקא עכשיו 14 (לֹא לְזַפְּזֵפּ): מחזקים את ה-ערוץ של ישראל	gid155176314065783	20517
אוהבים את אבישי בן חיים שלנו ! 🇮🇱❤️🇮🇱❤️🇮🇱	gid277789660485106	4694
שמים סוף להסתה התקשורתית	gid823704978132322	3058
טלי גוטליב ❤️חזקה מול ה0מול💙	gid271775518439609	2832
בנימין ושרה נתניהו | Benjamin & sara Netanyahu	gid988053661312340	1965
ביבי לניצחון	gid1374320939530624	1024
ישראל חייבת ימין חזק	gid426740981249528	346
המחנה הממלכתי בהנהגת בני גנץ לראשות הממשלה ❤️	gid262594724438523	3042
בני גנץ לראשות הממשלה	gid651729375230264	11161
בני גנץ ראש הממשלה שלנו	gid718726701857903	1469
יש עתיד בפתח תקווה	gid463005233793706	489
יושרה לפני הכל, רוצים פוליטיקה אחרת	gid2633420763410259	4007
יאיר לפיד - ראש הממשלה שלי! 🇮🇱	gid1048130479168535	1889
יש עתיד - באנו לשנות!🇮🇱	gid221938999161224	600
יחד עם יאיר לפיד שומרים על הדמוקרטיה	gid2254967504828404	803
יש עתיד מחזירים את הדמוקרטיה	gid2303081719967289	2938
יש עתיד עם הלפיד !	gid392918841341442	3866
מחזקים את יש עתיד	gid503498080179107	9023
תומכים ביאיר גולן	gid933523170439415	5249
מחאת הדגל השחור	gid450344555851052	17101
תנועת ההיפרדות	gid223512973481592	22493
פורום הבאת נתניהו לדין	gid297366620940438	9013
אופקים והסביבה ביחד	gid674766306318402	5508
פורום תושבי מועצה אזורית באר טוביה	gid1189665614447856	3218
אמהות למען אמהות - באר יעקב	gid1003201416375496	1464
נשים באר יעקב והסביבה	gid663444591113445	581
באר יעקב+ שכונת כוכב הצפון פרסומים ודיווחים 🇮🇱	gid1457371491379537	338
פורום שכונת אקליפטוס באר יעקב	gid126669353695511	990
תלמי מנשה | באר יעקב	gid128142747239905	1224
תושבי שכונת אקליפטוס - באר יעקב שלנו ☆	gid579274674300934	1251
פורום באר יעקב	gid316270879668324	1416
באר יעקב החדשה ." מקום בטוח לדור העתיד"	gid1607252692874206	1929
באר יעקב	gid194259627428313	3448
באר יעקב - על המפה	gid823856621048500	3709
תושבי באר יעקב כולנו	gid613920342313270	5344
פירסום עסקים באר יעקב והסביבה	gid2114503705473835	8939
תושבי באר יעקב שלנו ☆	gid760489577325393	18396
באר שבע וכל מה שמסביב	gid140526009813396	8423
פורום פתוח לתושבי בת-ים	gid625203927848240	8130
פורום תושבי בת ים האמיתי 📢 בחירות 23	gid1227075950704533	5212
פורום תושבים הרצליה	gid1572195133072933	2038
גלי כרמל - טירת כרמל - הקבוצה הפתוחה	gid418044934994317	2119
טירת הכרמל - עיר בתנופה	gid585896964794272	3584
פורום תושבי כרמיאל	gid531485646997999	4389
תושבי להבים - קבוצה רישמית	gid521150684994764	2286
פורום תושבי נהריה	gid888838424659610	21606
פורום נס ציונה	gid999438890098340	8642
נס ציונה	gid348059735286061	10400
נתיבות מערב החדשה	gid731412494020511	6542
❤ גם אני אמא נתנייתית ❤	gid547931429338011	4773
אמהות נתניה והשרון	gid151682698289015	6230
נתניה בפייסבוק 🏆🏆	gid256963698092647	3975
קרית אתא	gid1526724367540566	12630
קרית אתא	gid250167668426506	1167
ראש העין שלי	gid1529129507170590	5813
כיכר העיר - פוליטיקה חדשה בראש העין	gid466534063450796	2380
גרים בנחלת - פורום תושבי נחלת יהודה	gid1576305789284474	1800
אמהות רחובות והסביבה	gid187432945388956	3938
שכונת אושיות . רחובות.	gid871587789602624	377
שכונת גבעת האהבה רחובות	gid2191692634476782	407
תושבי שכונת רחובות הצעירה	gid910258422764554	866
רחובות עיר המדע תרבות ובילוי	gid987864564632284	2294
פרסום רחובות והסביבה	gid1373762862659106	2405
פורום רחובות והסביבה	gid2009438805769518	3001
קח תן רחובות-מסירה,מכירה,החלפה קניה והשכרה.לא לסוחרים!	gid213743688811423	4597
רחובות	gid5926888610	4667
רחובות על המפה	pid263394677110350	6021
רחובות אורגינל - זעקת התושבים	gid720042705161013	6752
פרסום רחובות והסביבה	gid1545812379064375	7850
רחובות שלנו	gid362911017143639	9479
פורום רחובות	gid1601775886726737	6708
שכונת נאות שמיר, נווה דורון החדשה, רמלה	gid1029357434576990	3272
תושבי רמת גן	gid245643166096629	29192
רעננה עסקים	gid405492999521086	12453
פורום תושבים רעננה	gid175861939134369	22835
שדרות זה בית	gid4102694816427592	3178
שדרות העיר שלי ❤️️🇮🇱	gid1674510726148227	14963
מאמות תל אביב והמרכז	gid1522088241391521	1558
תושבי תל מונד	gid460075844071560	6302
התושבים של תל מונד	gid231294131405268	1365
דתיים מטיילים kosher travelers	gid426870014118689	12073
הכרויות לדתיים	gid692148517569610	1734
דתיים נופשים	gid787728724760047	3205
הצד החם (הציונות הדתית, חשיבה מחדש)	gid3065848483489645	563
Jewish Community	gid379064896153372	1635
הרב פנגר	gid671788336967462	3052
יאשיהו פינטו	gid3245696425474852	3690
הרב זמיר כהן	gid253300722696858	7456
הרב אמנון יצחק	gid178821133704222	8668
הרב שניר גואטה	gid204857240800875	14114
הכרויות ושידוכים לדתיים ומסורתיים!!!	gid671907220573788	2288
בסוף כולם יהיו ברסלב, ציטוטים רבי נחמן	gid373782497827867	368
בעלי חיים למסירה ואימוץ *הוסיפו חברים*	gid119194865397276	1244
בעלי חיים בצפון	gid258763141963673	1732
חילוץ והצלת בעלי חיים ❤	gid910319012486893	1829
סטודנטים	gid5583181379	3909
סוכני ביטוח עוזרים לסוכני ביטוח חדשים - סוכני ביטוח, משווקים, בעלי תפקידים	gid2554796524766408	1896
דרושים בביטוח	gid1206788356088434	2309
עסקים תושבים תל אביב אזור השרון בקעת אונו רמת גן יהוד גבעתיים פתח תקווה	gid1509565405962277	4760
אני שולמן	gid399678184044892	127723
פורום מנהלי מכירות, שיווק ופיתוח עסקי בינלאומי	gid260237760826280	1845
מנהלות משאבי אנוש	gid2536496159916344	2299
אמהות במרכז	gid151662268953205	4391
להיות הורים	gid247234825779060	8524
מאמות כפר סבא רעננה הוד השרון והסביבה	gid230779797928869	7714
⚘המאמות של כפר סבא/הוד השרון/רעננה/הרצליה/רמת השרון והסביבה🦋	gid331740447721003	11540
אמהות רמת גן גבעתיים תל אביב קונות	gid266093250403118	7820
אמהות מפרסמות הרצליה / רעננה / רמת השרון	gid1502235390129917	1453
פוקר	gid55614061592	1949
IBET.CO.IL המלצות טוטו ווינר	gid122214611130646	26584
TopInvest קהילה משקיעים|יזמים בהשקעות|קניה|מכירה| נכסים דיגיטליים	gid145745406262244	2247
משקיעים בנדל״ן	gid729659191803062	2588
המשבשים : יזמים, משקיעים וסטארטאפים 🚀	gid223303087850326	6143
קהילת המשקיעים הפאסיביים של ישראל	gid540878700265189	7378
השקעות לעצלנים	gid964269737391041	42442
histori of israel	gid136596023614231	1467
i am israel	gid1683486318339846	1502
israel news	gid1042733139142355	1745
זה זבל זה? שאלות ותשובות (עמותת אל ספאם)	gid837403499690125	2746
🇮🇱 Rolex Israel - רולקס ישראל	gid492415505802833	4066
תורמים מכל הלב	gid1493686360868933	1819
הרב יגאל כהן	gid536766310303087	20479
סלאמתק - קניות מארצות הברית	gid1975707559329652	3828
ציידי קניות באינטרנט	gid305860436794640	9129
Online Shopping Israel - קניות ברשת	gid497719560630393	6087
מאמאמציאות- Mama4U קניות	gid391428994700030	3725
קניות - שוות אליאקספרס	gid2295657797314067	17799
קהילת קניות Best & Buy - המלצות בין חברים	gid324968857593673	41445
shein ישראל וקניות ברשת✌	gid307350900077367	72564
בדיחות מתכנתים - Programmers Jokes	gid201756441137	27956
קניות אונליין/online shopping	gid257435982673041	3892
מבצעים והנחות	gid1836967939877479	2772
עלי באלי מותגים (עלי אקספרס)	gid3136067243389102	4017
מכורות שופינג נקסט	gid1271595293177429	4211
קופונים מבצעים קורסים וסדנאות בצפון	gid1337230509652047	1095
עם ישראל חוזר לחבל עזה	gid182426951575807	183
ערוץ 14 - עדכונים ודיונים	gid2799063847081215	4885
משה פייגלין בליכוד	gid289115041134007	1188
אליהו יוסיאן, האיש שמדבר ים תיכונית	gid486660645951908	1901
מבצעים ודילים הכי שווים ברשת	gid155929412663089	5361
קניות ברשת - עליאקספרס, אמזון ועוד.. המלצות ומציאות ♡	gid494873090528258	6099
מרב מיכאלי לראשות הממשלה!	gid368296290247737	4854
הפרלמנט הימני	gid666937373828784	1931
המדריך לקניות ברשת	gid2033808500280940	5856
קומי ישראל — התנועה להגנת הדמוקרטיה	gid280047566422580	5616
מאוחדים למען בנימין נתניהו VIP	gid311755290155671	5837
בני גנץ לראשות הממשלה	gid769915726710230	1079
קוד קופון ישראל - קופונים, מבצעים, הנחות	gid681673940234796	4758
נתניה קרית השרון 🏆🏆	gid711763145551797	2307
תומכים ביש עתיד בראשות יאיר לפיד 2024	gid1509699295982731	4448
מכורים לקניות בזול	gid814945281992204	49515
קניות בזול- אליאקספרס	gid2302590866421722	11493
הליכוד -ליכוד גדול ימנע ממשלת שמאל	gid1790153134348129	2634
עושים קניות בסטייל 🎀 באלי אקספרס- עזרה במציאת מוצרים בזול	gid2657559830953272	2787
בנימין נתניהו ראש הממשלה שלנו לתמיד ,לצערם של השמאלנים	gid443126027531623	156
מעריצי הפרשן מס 1 יעקב ברדוגו❤❤❤	gid716764905638649	9868
מחליפים את השלטון עם יש עתיד	gid2115511535348814	3980
💛 נתניה העיר שלי 💛	gid2074930046171194	3998
באלי Ali - שופינג חכם🛍️	gid632961201493336	734
מצאתי דיל ! מבצעים וקופונים ברשת	gid1925452147713524	11636
פוליטי - צ'ט הבית של הימין	gid215528305169547	1478
‎צעירי יש עתיד - הקבוצה	gid290728341973611	1410
מגזין הליכוד	gid349497115135832	11366
מוצרים קונים בזול	gid2280334805578330	6658
בחירות 2020 - ביבי הביתה!	gid825268807954088	5577
יש עתיד - האור של מדינת ישראל	gid378616006182532	413
קהילת קרית אתא	gid436841216499524	2131
אוי לנו מרגב-ישראל רוצה שרת תחבורה אמתית ולא שרת מרכז הליכוד!	gid739414199590305	1407
ביבי מלך ישראל 👑	gid915460209260984	2526
נתניהו רואה הכי טוב את מדינת ישראל	gid917053375732777	1657
פשוט לקנות - מועדון ההטבות שלכם	gid1526855384203034	18438
כולנו נגד נתניהו והליכוד.	gid1572348689691162	4292
המחנה הממלכתי לנצחון!	gid1770060123133118	8660
רואים רק חדשות 14	gid2404183546536177	16251
עם כנרת בראשי הליכוד חזק יותר	gid271410550135705	16867
הקבוצה של הרבנית מיטל דאודי 💞 טהרה, שלום בית, אמונה.	gid805481156229568	3835
משה פייגלין להנהגה	gid286516358144929	276
נתניהו שליח האל יתברך.. 👑	gid930289204357963	1255
ביבי נתניהו בלוף	gid1254193061303327	763
בנימין נתניהו ראש הממשלה שלנו	gid605940503551995	1513
קבוצה שבה כולנו מעמידים פנים שאנחנו מצביעי ביבי מהפריפריה	gid220564389001774	2196
נתניהו, העם אוהב אותך	gid551690308317316	5179
בנימין-נתניהו-ליכוד-מחל ❤⭐⭐⭐	gid445111893231477	633
המלאכיות❤️של❤️הימין💙	gid1417535168790065	6494
קניות אונליין - מותגים, אלי אקספרס, זארה zara, עיצוב הבית	gid363746571053048	18953
כולנו עם בנימין נתניהו VIP	gid600997270452937	3918
העם אוהב את הליכוד - בניהולו של מאיר בנילוז	gid400428177527521	3280
ביבי ראש הממשלה הטוב ביותר לנו עמו ישראל לעולם כולו	gid457766984819045	282
יאיר נתניהו, הדור הבא.	gid616566428749926	6609
גרושים גרושות	gid162579760593476	24124